{"accuracy": 0.7123287916183472, "loss": 0.6387816667556763, "_timestamp": 1657634611, "_runtime": 58855, "_step": 1, "_wandb": {"runtime": 18611}}